date,score,caption
2025-08-26,3,"Abuja-Kaduna train derails, chaos ensues â€” but hey, at least FAAN now supports wheelchairs. ğŸš‚â™¿."
2025-08-26,3,"Abuja-Kaduna train derails, police arrest officers counting cash, and Tinubuâ€™s 2027 plans heat up â€” todayâ€™s wahala is serving 3/5 ğŸ”¥."
2025-08-26,3,"Police count cash on camera, APC denies defection, and BBNaija evictions heat up â€” todayâ€™s chaos is multi-layered ğŸš¨."
2025-08-26,4,"High alert today. police, says and abuja-kaduna train add heat â€” batch errands, keep cash/data backup, avoid hot takes."
2025-08-26,3,"Vibes are shaky with special, tinubu and train derails. Watch timelines and plan movements smartly. We move. ğŸ’ª."
2025-08-26,3,"Abuja-Kaduna train derails, passengers scamper â€” Nigeriaâ€™s daily thrill ride ğŸš‚ğŸ’¨."
2025-08-26,4,"Delta police counting cash in patrol cars? Someone call the cleaners! ğŸ§¹ğŸš“ Meanwhile, Maiduguri woman returns N4.8m bank errorâ€”honesty levels: chefâ€™s kiss ğŸ‘ğŸ’¸."
2025-08-26,3,"Train derails, police arrest officers counting cash, and Tinubuâ€™s 2027 plans stir the potâ€”Nigeriaâ€™s vibe today is *complicated* ğŸ˜…."
2025-08-26,4,"Heavy vibes: passengers, train derails and police everywhere. Conserve energy and stick to essentials."
2025-08-26,4,"Heavy vibes: abuja-kaduna train, says and passengers everywhere. Conserve energy and stick to essentials. We move, no cap. ğŸ’«."
2025-08-26,4,"Heavy vibes: police, presidency and south everywhere. Conserve energy and stick to essentials, abeg, wahala, sha."
2025-08-26,4,"High alert. Train Derails, Abuja-Kaduna Train and Asuu drive the dayâ€™s discourse â€” batch errands, keep cash/data backup, avoid hot takes. We move, no cap. ğŸ’«."
2025-08-26,4,"High alert. Court Orders, Train Derails and Abujaâ€“Kaduna drive the dayâ€™s discourse â€” batch errands, keep cash/data backup, avoid hot takes, abeg, wahala, sha."
2025-08-26,4,"Heavy vibes today: Abujaâ€“Kaduna Rail Corridor, Abujaâ€“Kaduna Rail Corridor and Train set the agenda. Conserve energy and stick to essentials. Abeg no do pass yourself."
2025-08-26,4,"High alert: Nigeria NewsWhat Audacity To Lie Shamelessly, Worldcoin Price Struggles and Pi Network Uncertainty Highlight Why BlockDAG Dominates as the Top Performing Cryptoâ€¦, and Japan visa controversy. Stick to essentials; avoid hot takes. ğŸ’«."
2025-08-26,4,"High alert: Nigeria NewsWhy PDP, APC Zoned Their 2027 Presidential Tickets To The South, Japan visa controversy, and Looking back, looking ahead. Batch errands; keep cash and data backups. ğŸ’«."
2025-08-26,4,"Heavy vibes today: Abuja-Kaduna Train, Pdp Zoning and Police dominating headlines. Conserve energy and stick to essentials. We move, no cap. ğŸ’«."
2025-08-26,4,"Heavy vibes today: Train Derails, Pdp Zoning and Delta dominating headlines. Conserve energy and stick to essentials, abeg, wahala, sha."
2025-08-26,4,"High tension â€” PDP Zoning, Presidential Ticket and Presidential all over; batch errands and keep backups, abeg."
2025-08-26,4,"E dey hot: Abuja-Kaduna Train, PDP Zoning and Tinubu dominate headlines â€” focus on essentials. We move, no cap. ğŸ’« â€” High tension â€” batch your waka. ğŸ”¥"
2025-08-26,4,"PDP Zoning, Abuja-Kaduna Train and Tinubu running the TL today. âš¡"
2025-08-26,4,"Today matter na PDP Zoning, Abuja-Kaduna Train and Tinubu."
2025-08-26,4,"Todayâ€™s cycle is driven by PDP Zoning, Abuja-Kaduna Train and Tinubu."
2025-08-26,4,"Heads up: PDP Zoning, Abuja-Kaduna Train and Tinubu; low-key tense. ğŸ’«"
2025-08-26,4,"Top stories: PDP Zoning, Abuja-Kaduna Train and Tinubu â€” TL is hot. ğŸ”¥"
2025-08-26,4,"PDP Zoning, Abuja-Kaduna Train and Tinubu dominate the headlines."
2025-08-27,4,"Main gist: PDP Zoning, Abuja-Kaduna Train and Tinubu dey lead today."
2025-08-27,4,"Heads up: Abuja-Kaduna Train, PDP Zoning and Tinubu; low-key tense. ğŸ’«"
2025-08-27,4,"Top stories: Abuja-Kaduna Train, PDP Zoning and Tinubu â€” TL is hot. ğŸ”¥"
2025-09-02,4,"Top stories: Simon Ekpa, Special Report and Tinubu â€” TL is hot. ğŸ”¥"
2025-09-02,4,"Na Simon Ekpa, Special Report and Tinubu dey top gist."
2025-09-02,3,"Today matter na Simon Ekpa, Special Report and Tinubu."
2025-09-02,4,"Heads up: Simon Ekpa, Special Report and Tinubu; low-key tense. ğŸ’«"
2025-09-02,3,"Simon Ekpa, Special Report and Tinubu running the TL today. âš¡"
2025-09-02,4,"Heads up: Simon Ekpa, Wike Camp and Tinubu; low-key tense. ğŸ’«"
2025-09-02,3,"Simon Ekpa, Wike Camp and Tinubu running the TL today. âš¡"
